<profile version="1.0">
  <option name="myName" value="Default" />
  <inspection_tool class="JsonSchemaCompliance" enabled="false" level="WARNING" enabled_by_default="false" />
  <inspection_tool class="PyArgumentListInspection" enabled="false" level="WARNING" enabled_by_default="false" />
  <inspection_tool class="PyPep8Inspection" enabled="false" level="WEAK WARNING" enabled_by_default="false" />
  <inspection_tool class="PyStatementEffectInspection" enabled="false" level="WARNING" enabled_by_default="false" />
  <inspection_tool class="PyUnresolvedReferencesInspection" enabled="false" level="WARNING" enabled_by_default="false" />
  <inspection_tool class="ShellCheck" enabled="false" level="ERROR" enabled_by_default="false" />
  <inspection_tool class="SyntaxError" enabled="false" level="ERROR" enabled_by_default="false" />
  <inspection_tool class="UnresolvedReference" enabled="false" level="ERROR" enabled_by_default="false" />
</profile>