<application>
  <component name="CodeInsightSettings">
    <option name="AUTO_POPUP_COMPLETION_LOOKUP" value="false" />
    <option name="SMART_INDENT_ON_ENTER" value="false" />
    <option name="INSERT_BRACE_ON_ENTER" value="false" />
    <option name="JAVADOC_STUB_ON_ENTER" value="false" />
    <option name="SURROUND_SELECTION_ON_QUOTE_TYPED" value="false" />
    <option name="AUTOINSERT_PAIR_BRACKET" value="false" />
    <option name="AUTOINSERT_PAIR_QUOTE" value="false" />
    <option name="REFORMAT_BLOCK_ON_RBRACE" value="false" />
    <option name="REFORMAT_ON_PASTE" value="1" />
    <option name="INDENT_TO_CARET_ON_PASTE" value="true" />
    <option name="TAB_EXITS_BRACKETS_AND_QUOTES" value="false" />
  </component>
</application>